{
	"install": "messages/install.txt",
	"2.4.0": "messages/2.4.0.txt",
	"2.5.0": "messages/2.5.0.txt",
	"2.6.0": "messages/2.6.0.txt",
	"2.7.0": "messages/2.7.0.txt",
	"2.7.1": "messages/2.7.1.txt",
	"2.7.2": "messages/2.7.2.txt",
	"2.7.3": "messages/2.7.3.txt",
	"2.7.4": "messages/2.7.4.txt",
	"2.7.5": "messages/2.7.5.txt",
	"2.7.6": "messages/2.7.6.txt",
	"2.8.0.1": "messages/2.8.0.1.txt",
	"2.8.0.2": "messages/2.8.0.2.txt",
	"2.8.0.3": "messages/2.8.0.3.txt",
	"2.8.0.4": "messages/2.8.0.4.txt",
	"2.8.1": "messages/2.8.1.txt",
	"2.8.2": "messages/2.8.2.txt",
	"2.8.3": "messages/2.8.3.txt",
	"2.8.4": "messages/2.8.4.txt",
	"2.8.5": "messages/2.8.5.txt",
	"2.8.6": "messages/2.8.6.txt",
	"2.8.7": "messages/2.8.7.txt",
	"2.8.8": "messages/2.8.8.txt",
	"2.8.9": "messages/2.8.9.txt",
	"2.8.10": "messages/2.8.10.txt",
	"2.8.11": "messages/2.8.11.txt",
	"2.9.0": "messages/2.9.0.txt",
	"2.10.0": "messages/2.10.0.txt",
	"2.10.1": "messages/2.10.1.txt",
	"2.10.2": "messages/2.10.2.txt",
	"2.10.3": "messages/2.10.3.txt",
	"2.10.4": "messages/2.10.4.txt",
	"2.10.5": "messages/2.10.5.txt",
	"2.10.6": "messages/2.10.6.txt",
	"2.10.7": "messages/2.10.7.txt",
	"2.10.8": "messages/2.10.8.txt",
	"2.10.11": "messages/2.10.11.txt",
	"2.10.12": "messages/2.10.12.txt",
	"2.10.13": "messages/2.10.13.txt"
}
