{
	"install": "messages/install.txt",
	  "0.2.0": "messages/0-2-0.txt",
	  "0.2.1": "messages/0-2-1.txt",
	  "0.2.2": "messages/0-2-2.txt",
	  "0.2.3": "messages/0-2-3.txt",
	  "0.2.4": "messages/0-2-4.txt",
	  "0.2.5": "messages/0-2-5.txt",
	  "0.2.6": "messages/0-2-6.txt",
	  "0.2.7": "messages/0-2-7.txt",
	  "0.2.8": "messages/0-2-8.txt",
	  "0.2.9": "messages/0-2-9.txt",
	  "0.3.0": "messages/0-3-0.txt",
	  "0.3.1": "messages/0-3-1.txt",
	  "0.3.2": "messages/0-3-2.txt",
	  "0.3.3": "messages/0-3-3.txt",
	  "0.3.4": "messages/0-3-3.txt"
}
