{
	"install": "messages/install.txt",
    "3.0.1": "messages/3.0.1.txt",
    "3.0.2": "messages/3.0.2.txt",
    "3.0.3": "messages/3.0.3.txt",
    "3.0.4": "messages/3.0.4.txt",
    "3.0.5": "messages/3.0.5.txt",
    "3.0.6": "messages/3.0.6.txt",
    "3.0.7": "messages/3.0.7.txt",
    "3.0.8": "messages/3.0.8.txt",
    "3.0.10": "messages/3.0.10.txt",
    "3.0.11": "messages/3.0.11.txt",
    "3.0.12": "messages/3.0.12.txt",
    "3.0.13": "messages/3.0.13.txt",
    "3.0.14": "messages/3.0.14.txt",
    "3.0.15": "messages/3.0.15.txt",
    "3.0.16": "messages/3.0.16.txt",
    "3.0.17": "messages/3.0.17.txt",
    "3.0.18": "messages/3.0.18.txt",
    "3.0.19": "messages/3.0.19.txt",
    "3.0.20": "messages/3.0.20.txt",
    "3.0.21": "messages/3.0.21.txt",
    "3.0.23": "messages/3.0.23.txt",
    "3.0.24": "messages/3.0.24.txt",
    "3.0.25": "messages/3.0.25.txt",
    "3.0.26": "messages/3.0.26.txt",
    "3.0.27": "messages/3.0.27.txt",
    "3.0.29": "messages/3.0.29.txt",
    "3.0.30": "messages/3.0.30.txt",
    "3.0.31": "messages/3.0.31.txt",
    "3.0.32": "messages/3.0.32.txt",
    "3.0.33": "messages/3.0.33.txt"
}
